,Unnamed: 0,name,pre
0,0,声明,0
1,1,重大事项提示,1
2,2,一、中信建投证券股份有限公司（以下简称“发行人”、“本公司”或“公司”）本次债券信用评级为AAA。截至2021年3月31日，发行人股东权益合计为695.76亿元，其中归属于母公司股东权益合计为692.77 亿元，合并口径资产负债率为76.64%，母公司口径资产负债率为76.42%（资产合计、负债合计均扣除代理买卖证券款和代理承销证券款）；债券上市前，本公司最近三个会计年度实现的年均可分配利润为60.33亿元（2018年、2019年及2020年合并报表归属于母公司净利润），预计不少于本次债券一年利息的1.5倍。本次债券发行及上市安排请参见发行公告。,0
3,3,二、债券属于利率敏感型投资品种。受国家宏观经济运行状况、货币政策、国际环境变化等因素的影响，市场利率存在波动的可能性。由于本次债券采用固定利率且期限较长，债券的投资价值在其存续期内可能随着市场利率的波动而发生变动，从而使本次债券投资者持有的债券价值具有一定的不确定性。,0
4,4,三、证券公司经营状况对证券市场的长期发展及其短期运行趋势都有较强的依赖性。如果证券市场行情走弱，证券公司的经纪、投资银行、自营和资产管理等业务的经营难度将会增大，盈利水平可能受到较大影响。证券市场行情受国民经济发展速度、宏观经济政策、行业发展状况以及投资者心理等诸多因素影响，存在一定的不确定性。因此，公司存在因证券市场波动而导致收入和利润不稳定的风险。,0
5,5,四、公司2018年、2019年、2020年及2021年1-3月合并现金流量表中经营活动现金流量净额分别为45.03亿元、366.91亿元、-207.56亿元和249.75亿元。在本次债券存续期间，证券行业受市场需求等因素的影响，发行人未来经营业绩可能发生较大幅度波动，经营性现金流可能为负，从而对本次债券的偿付带来一定的负面影响。,0
6,6,五、公司2018年、2019年、2020年和2021年1-3月的EBITDA利息倍数分别为1.93、2.72、3.33和2.34，利息保障倍数分别为1.88、2.59、3.21和2.23。虽然公司利息保障倍数有所波动，但对利息的保障能力依然充足。随着未来公司业务的发展，债务规模有可能继续增加，从而对本次债券的偿付带来不利影响。,0
7,7,六、本次债券为无担保债券。尽管发行时，公司已根据实际情况安排了偿债保障措施来控制和保障本次债券按时还本付息，但是在本次债券存续期内，可能由于不可控的市场、政策、法律法规变化等因素导致目前拟定的偿债保障措施不完全或无法履行，进而对本次债券持有人的利益产生不利影响。,0
8,8,七、经中诚信国际信用评级有限责任公司（以下简称“中诚信国际”）综合评定，本公司的主体信用等级为AAA，评级展望稳定，本次发行债券的信用等级为AAA，说明本公司偿还债务的能力极强，本次债券的安全性极强，基本不受不利经济环境的影响，违约风险极低。考虑到信用评级机构对公司和本次债券的评级是一个动态评估的过程，如果未来信用评级机构调低对公司主体或者本次债券的信用评级，本次债券的市场价格将可能随之发生波动从而给持有本次债券的投资者造成损失。,0
9,9,八、中诚信国际将在本次债券信用级别有效期内或者本次债券存续期内，持续关注本次债券发行人外部经营环境变化、经营或财务状况变化以及本次债券偿债保障情况等因素，以对本次债券的信用风险进行持续跟踪。跟踪评级期限内，中诚信国际将于本次债券发行主体及担保主体（如有）年度报告公布后两个月内完成该年度的定期跟踪评级，并根据上市规则于每一会计年度结束之日起6个月内披露上一年度的债券信用跟踪评级报告。此外，自本次评级报告出具之日起，中诚信国际将密切关注与发行主体、担保主体（如有）以及本次债券有关的信息，如发生可能影响本次债券信用级别的重大事件，发行主体应及时通知中诚信国际并提供相关资料，中诚信国际将在认为必要时及时启动不定期跟踪评级，就该事项进行调研、分析并发布不定期跟踪评级结果。中诚信国际的定期和不定期跟踪评级结果等相关信息将根据监管要求或约定在中诚信国际网站（www.ccxi.com.cn）和交易所网站予以公告，且交易所网站公告披露时间不得晚于在其他交易场所、媒体或者其他场合公开披露的时间。,0
10,10,九、债券发行后拟在上海证券交易所上市交易。由于本次债券具体交易流通事宜需要在本次债券发行结束后方能进行，公司无法保证本次债券能够按照预期上市交易，也无法保证本次债券能够在二级市场有活跃的交易，可能会出现本次债券在二级市场交易不活跃甚至无法持续成交的情况，投资者可能会面临债券流动性风险。,0
11,11,十、遵照《公司法》《证券法》《公司债券发行与交易管理办法》等法律、法规的规定以及本募集说明书的约定，为维护债券持有人享有的法定权利和本募集说明书约定的权利，公司已制定《债券持有人会议规则》，债券持有人认购、交易或其他合法方式取得本次债券，即视作同意公司制定的《债券持有人会议规则》。持有人会议根据《债券持有人会议规则》审议通过的决议，对于所有债券持有人（包括所有出席会议、未出席会议、反对决议或放弃投票权的债券持有人，以及在相关决议通过后受让本次债券的持有人）均有同等的效力和约束力。在本次债券存续期间，债券持有人会议在其职权范围内通过的任何有效决议的效力优先于包含债券受托管理人在内的其他任何主体就该有效决议内容做出的决议和主张。,0
12,12,十一、为明确约定发行人、债券持有人及债券受托管理人之间的权利、义务及违约责任，公司聘任中泰证券股份有限公司（以下简称“中泰证券”）担任本次债券的债券受托管理人，并订立了《债券受托管理协议》，投资者通过认购、交易或者其他合法方式取得本次债券视作同意公司制定的《债券受托管理协议》。,0
13,13,十二、投资者认购或持有本次债券视作同意《债券受托管理协议》《债券持有人会议规则》及债券募集说明书中其他有关发行人、债券持有人、债券受托管理人等主体权利义务的相关约定。债券持有人会议按照《管理办法》的规定及会议规则的程序要求所形成的决议对全体债券持有人具有约束力。,0
14,14,十三、本次债券是证券公司次级债券，是证券公司向专业投资者中的机构投资者发行的、清偿顺序在普通债之后的有价证券。本次债券本金和利息的清偿顺序在发行人的一般负债之后、先于发行人的股权资本；除非发行人结业、倒闭或清算，投资者不能要求发行人加速偿还本次债券的本金。,0
15,15,目录,0
16,16,释义,0
17,17,第一节 风险提示及说明,2
18,18,一、本次债券的投资风险,0
19,19,（一）次级性风险,0
20,20,（二）利率风险,0
21,21,（三）流动性风险,0
22,22,（四）偿付风险,0
23,23,（五）本次债券安排所特有的风险,0
24,24,（六）评级风险,0
25,25,二、发行人的相关风险,0
26,26,（一）财务风险,0
27,27,（二）经营风险,0
28,28,1、经纪业务风险,0
29,29,2、投资银行业务风险,0
30,30,（1） 市场与政策风险,0
31,31,（2） 保荐和承销风险,0
32,32,（3） 收益实现不确定风险,0
33,33,3、证券交易投资业务风险,0
34,34,（1） 证券市场的系统性风险,0
35,35,（2） 投资产品的内含风险,0
36,36,（3） 投资决策不当风险,0
37,37,4、资产管理业务风险,0
38,38,（1） 市场风险,0
39,39,（2） 管理风险,0
40,40,（3） 竞争风险,0
41,41,5、证券金融业务风险,0
42,42,（1） 市场风险,0
43,43,（2） 客户信用风险,0
44,44,（3） 管理风险,0
45,45,（4） 政策风险,0
46,46,6、期货业务风险,0
47,47,（1） 经营风险,0
48,48,（2） 合规风险,0
49,49,（3） 政策法律风险,0
50,50,7、直接投资业务风险,0
51,51,8、国际业务风险,0
52,52,9、另类投资业务风险,0
53,53,10、场外市场业务风险,0
54,54,（三）管理风险,0
55,55,1、合规风险,0
56,56,2、风险管理和内部控制风险,0
57,57,（四）政策风险,0
58,58,第二节 发行概况,0
59,59,一、本次债券发行的基本情况,0
60,60,二、本次债券的主要条款,0
61,61,1、债券名称：中信建投证券股份有限公司面向专业投资者公开发行2021年次级债券。,0
62,62,2、发行规模及发行方式：发行规模不超过400亿元（含400亿元）；发行方式为采用面向专业投资者公开发行的方式，分期发行。,0
63,63,3、票面金额及发行价格：票面金额为100元，按面值平价发行。,0
64,64,4、债券期限：不超过10年（含10年），可以为单一期限品种，也可以为多种期限的混合品种。,0
65,65,5、债券利率及确定方式：采用固定利率形式，债券票面利率通过市场化定价方式确定。,0
66,66,6、还本付息方式：本次债券采用单利按年计息，不计复利。每年付息一次，到期一次还本，最后一期利息随本金的兑付一起支付。本次债券本息支付的具体事项按照债券登记机构的相关规定办理。,0
67,67,7、发行对象及向公司股东配售的安排：本次债券的发行对象为符合《中华人民共和国证券法（2019年修订）》、《证券公司次级债管理规定》等国务院证券监督管理机构规定的专业投资者；不向公司股东优先配售。,0
68,68,8、起息日：20【】年【】月【】日。,0
69,69,9、付息日：20【】年至20【】年间每年的【】月【】日为上一计息年度的付息日（如遇法定节假日或休息日，则顺延至其后的第1个交易日，顺延期间不另计利息）。,0
70,70,10、兑付日：本次债券的兑付日为20【】年【】月【】日（如遇法定节假日或休息日，则顺延至其后的第1个交易日，顺延期间不另计利息）。,0
71,71,11、利息登记日：本次债券的利息登记日按登记机构相关规定处理。在利息登记日当日收市后登记在册的本次债券持有人，均有权就所持本次债券获得该利息登记日所在计息年度的利息。,0
72,72,12、债券形式：实名制记账式次级债券。投资者认购的本次债券在债券登记机构开立的托管账户登记托管。本次债券发行结束后，债券持有人可按照有关主管机构的规定进行债券的转让、质押等操作。,0
73,73,13、主承销商：中泰证券股份有限公司、中国银河证券股份有限公司、中国国际金融股份有限公司、海通证券股份有限公司。,0
74,74,14、债券受托管理人：中泰证券股份有限公司。,0
75,75,15、担保人及担保方式：本次发行的次级债券无担保。,0
76,76,16、资信评级机构：中诚信国际信用评级有限责任公司。,0
77,77,17、信用级别：经中诚信国际信用评级有限责任公司综合评定，公司的主体信用级别为AAA，本次债券信用级别为AAA。,0
78,78,18、承销方式：本次债券的发行由主承销商组织承销团，采取余额包销的方式承销。,0
79,79,19、拟上市地：上海证券交易所。,0
80,80,20、登记、托管机构：中国证券登记结算有限责任公司上海分公司。,0
81,81,21、募集资金用途：扣除发行费用后，本次债券募集资金全部用于补充营运资金，偿还到期债务。,0
82,82,22、次级条款：本次债券本金和利息的清偿顺序在发行人的普通债之后、先于发行人的股权资本；本次债券与发行人已经发行的和未来可能发行的其他次级债券处于同一清偿顺序；除非发行人结业、倒闭或清算，投资者不能要求发行人加速偿还本次债券的本金。,0
83,83,23、募集资金专项账户：开户名：中信建投证券股份有限公司；开户行：【】；账号：【】。,0
84,84,24、税务提示：根据国家有关税收法律、法规的规定，投资者投资本次债券所应缴纳的税款由投资者自行承担。,0
85,85,三、本次债券发行及上市安排,0
86,86,（一）本次债券发行时间安排,0
87,87,（二）本次债券上市安排,0
88,88,第三节 募集资金运用,0
89,89,一、募集资金运用计划,0
90,90,（一）本次债券募集资金规模,0
91,91,（二）本次募集资金用途及使用计划,0
92,92,（三）募集资金的现金管理,0
93,93,（四）募集资金使用计划调整的授权、决策和风险控制措施,0
94,94,（五）本次债券募集资金专项账户管理安排,0
95,95,（六）本次债券募集资金对公司财务状况的影响,0
96,96,1、对于发行人短期偿债能力的影响,0
97,97,2、对于发行人资产负债率的影响,0
98,98,3、扩大中长期资金规模，支持各项业务发展,0
99,99,（七）发行人关于本次债券募集资金的承诺,0
100,100,二、本次债券发行后公司资产负债结构的变化,0
101,101,1、相关财务数据模拟调整的基准日为2021年3月31日；,0
102,102,2、假设本次债券的募集资金净额为400亿元，即不考虑融资过程中所产生的相关费用且全部发行；,0
103,103,3、假设本次债券募集资金净额全部计入2021年3月31日的合并资产负债表；,0
104,104,4、假设本次债券募集资金扣除发行费用后，150亿元用于偿还到期债务，剩余部分用于补充营运资金；,0
105,105,5、财务数据基准日至本次债券发行完成日不发生重大资产、负债、权益变化。,0
106,106,三、前次公司债券募集资金使用情况,0
107,107,第四节 发行人基本情况,2
108,108,一、发行人概况,0
109,109,二、发行人历史沿革,4
110,110,三、发行人股权结构情况,14
111,111,1、北京金融控股集团有限公司,0
112,112,2、中央汇金投资有限责任公司,0
113,113,四、发行人子公司、重要权益投资及分支机构,7
114,114,（一）子公司及重要权益投资,8
115,115,1、中信建投期货有限公司,0
116,116,2、中信建投资本管理有限公司,0
117,117,3、China Securities（International）Finance Holding Company Limited,0
118,118,4、中信建投基金管理有限公司,0
119,119,5、中信建投投资有限公司,0
120,120,（二）分公司情况,8
121,121,（三）营业部情况,8
122,122,五、发行人的独立性情况,6
123,123,（一）发行人业务独立,0
124,124,（二）发行人资产独立,0
125,125,（三）发行人人员独立,0
126,126,（四）发行人财务独立,0
127,127,（五）发行人机构独立,0
128,128,六、发行人公司治理情况,9
129,129,（一）发行人公司治理,9
130,130,1、股东大会制度建立及运作情况,0
131,131,2、董事会制度建立及运作情况,0
132,132,3、监事会制度建立及运作情况,0
133,133,4、经营管理层的制度及运作情况,0
134,134,5、独立董事制度及运作情况,0
135,135,6、董事会秘书制度及运作情况,0
136,136,（二）发行人组织结构,10
137,137,（三）发行人风险控制和内部控制,11
138,138,1、授权控制,0
139,139,2、合规管理机制,0
140,140,3、业务部门间的信息隔离墙机制,0
141,141,4、部门间的前中后台相互制衡机制,0
142,142,5、业务部门的内部控制,11
143,143,6、资金运营及流动性管理制度,0
144,144,七、发行人人员基本情况,5
145,145,（一）董事、监事及高级管理人员的基本情况,0
146,146,（二）董事、监事及高级管理人员的主要工作经历,0
147,147,1、董事,0
148,148,2、监事,0
149,149,3、公司非董事高级管理人员,12
150,150,八、发行人主营业务概况,14
151,151,（一）投资银行业务,0
152,152,1、股权融资业务,0
153,153,2、债务融资业务,0
154,154,3、财务顾问业务,0
155,155,（二）财富管理业务,0
156,156,1、经纪及财富管理业务,0
157,157,2、融资融券业务,0
158,158,3、回购业务,0
159,159,（三）交易及机构客户服务业务,0
160,160,1、股票销售及交易,0
161,161,2、固定收益产品销售及交易业务,0
162,162,3、投资研究业务,0
163,163,4、主经纪商业务,0
164,164,5、QFII业务、RQFII业务,0
165,165,6、另类投资业务,0
166,166,（四）资产管理业务,0
167,167,1、证券公司资产管理业务,0
168,168,2、基金管理业务,0
169,169,3、私募股权投资业务,0
170,170,九、发行人所处行业状况及主要竞争优势,15
171,171,（一）发行人所处行业状况,15
172,172,1、宏观经济环境深刻变革,0
173,173,2、资本市场改革再次提速,0
174,174,3、证券行业迎来全新发展,0
175,175,（二）主要竞争优势,0
176,176,1、良好的声誉品牌竞争力,0
177,177,2、全面均衡、综合实力突出的业务能力,0
178,178,3、创新能力突出,0
179,179,4、稳健的经营风格，完善的风险管理和内控机制,0
180,180,5、优秀的管理团队，积极进取的市场化机制,0
181,181,（三）公司发展战略,17
182,182,十、发行人报告期内违法违规及受处罚情况,0
183,183,第五节 财务会计信息,0
184,184,一、发行人财务报表的编制情况,0
185,185,（一）发行人财务报表的编制基础,0
186,186,（二）发行人会计政策变更情况,18
187,187,1、金融工具相关会计政策变更：财政部于2017年对《企业会计准则第22号－金融工具确认和计量》《企业会计准则第23号－金融资产转移》《企业会计准则第24号－套期会计》和《企业会计准则第37号－金融工具列报》进行了修订。这些修订涉及的主要内容包括：金融资产分类由原准则规定的“四分类”改为“三分类”、金融资产减值会计由“已发生损失法”改为“预期损失法”、金融工具披露要求相应调整等，这些修订将更好地反映企业的风险管理活动。,0
188,188,2、收入相关会计政策变更：2017年7月，财政部修订发布了《企业会计准则第14号—收入》，新的收入准则的主要修订内容包括：将原准则规定收入和建造合同两项准则纳入统一的收入确认模型，以控制权转移替代风险报酬转移作为收入确认时点的判断标准，对于包含多重交易安排的合同及某些特定交易（或事项）的会计处理提供更明确的指引，从而能够更加科学合理地确认和计量企业的收入。,0
189,189,3、租赁准则相关会计政策变更：财政部于2018年12月对《企业会计准则第21号－租赁》进行了修订，该修订完善了租赁的定义，增加了租赁识别、租赁合同的分拆和合并等内容；取消承租人经营租赁和融资租赁的分类，要求对所有租赁（短期租赁和低价值资产租赁除外）确认使用权资产和租赁负债；改进承租人后续计量，增加选择权重估和租赁变更情形下的会计处理等。,0
190,190,4、金融企业财务报表格式变更相关会计政策变更：根据财政部于2018年12月印发的《关于修订印发2018年度金融企业财务报表格式的通知》（财会[2018]36号），（1）于2018年12月31日，基于实际利率法计提的金融工具的利息应包含在相应金融工具的账面余额中，并反映在相关“金融投资：债权投资”、“金融投资：其他债权投资”、“应付债券”等项目中，而不应单独列示“应收利息”项目或“应付利息”项目。“应收利息”科目和“应付利息”科目应仅反映相关金融工具已到期可收取或应支付但于资产负债表日尚未收到或尚未支付的利息，通常由于金额相对较小，应在“其他资产”或“其他负债”项目列示；（2）分类为以摊余成本计量的金融资产和分类为以公允价值计量且其变动计入其他综合收益的金融资产按照实际利率法计算的利息收入，应计入“利息收入”项目，不得计入“投资收益”等其他项目。,0
191,191,（三）合并报表范围变化情况,0
192,192,1、合并范围的确定原则,0
193,193,2、合并报表范围,0
194,194,3、最近三年及一期合并范围主要变化情况,0
195,195,二、最近三年及一期的财务报表,0
196,196,（一）合并财务报表,0
197,197,1、合并资产负债表,0
198,198,2、合并利润表,0
199,199,3、合并现金流量表,0
200,200,（二）母公司财务报表,0
201,201,1、母公司资产负债表,0
202,202,2、母公司利润表,0
203,203,3、母公司现金流量表,0
204,204,三、最近三年及一期的主要财务指标,0
205,205,（一）公司主要财务指标（合并报表）,0
206,206,（二）风险控制指标,0
207,207,四、管理层讨论与分析,0
208,208,（一）资产负债结构分析,0
209,209,1、资产结构分析,0
210,210,2、负债结构分析,0
211,211,（二）现金流量分析,0
212,212,1、经营活动产生的现金流量,0
213,213,2、投资活动产生的现金流量,0
214,214,3、筹资活动产生的现金流量,0
215,215,（三）偿债能力分析,0
216,216,1、公司资产流动性较高，有较强的偿债能力,0
217,217,2、公司盈利能力较强、品牌价值较高、资信优良,0
218,218,（四）盈利能力分析,0
219,219,1、营业收入构成及其变动分析,0
220,220,2、营业支出构成及其变动分析,0
221,221,3、投资收益,0
222,222,（五）未来业务目标及盈利能力的可持续性,17
223,223,五、有息债务情况,19
224,224,六、关联交易及决策程序,16
225,225,（一）发行人关联方关系及关联交易,16
226,226,1、与北京国有资本经营管理中心,0
227,227,2、与北京金控集团及旗下公司,0
228,228,3、与中央汇金及其旗下公司,0
229,229,4、与其他主要权益持有者及其关联方,0
230,230,5、与本公司的子公司及合并结构化主体,0
231,231,6、与公司投资的联营企业,0
232,232,7、与公司董事兼任董事的除公司及子公司以外的企业,0
233,233,8、关键管理人员的薪酬,0
234,234,（二）规范关联交易的制度安排,0
235,235,七、或有事项及其他重要事项,0
236,236,（一） 未决诉讼、仲裁,20
237,237,（二） 对外担保,0
238,238,（三） 承诺事项,0
239,239,（四） 其他重要事项,0
240,240,1、应收投资者保护基金款项,0
241,241,2、对外捐赠,0
242,242,八、资产抵押、质押、担保和其他权利限制安排的情况,0
243,243,第六节 发行人及本次债券的资信状况,0
244,244,一、发行人历史信用评级情况,0
245,245,二、信用评级报告的主要事项,0
246,246,（一）信用评级结论及标识所代表的涵义,0
247,247,（二）评级报告的主要内容,0
248,248,1、正面,0
249,249,2、关注,0
250,250,（三）跟踪评级的有关安排,0
251,251,三、发行人的资信情况,0
252,252,（一）发行人获得主要贷款银行的授信情况,0
253,253,（二）最近三年及一期与主要客户发生业务的违约情况,0
254,254,（三）最近三年及一期发行的债券、其他债务融资工具以及偿还情况,0
255,255,1、发行和偿还债券的情况,0
256,256,2、公司尚未兑付债券情况,0
257,257,3、同业资金拆借及归还的情况,0
258,258,（四）发行人及主要子公司报告期内债务违约记录及有关情况,0
259,259,第七节 增信情况,0
260,260,第八节 税项,0
261,261,一、增值税,0
262,262,二、所得税,0
263,263,三、印花税,0
264,264,四、税项抵销,0
265,265,第九节 信息披露安排,0
266,266,一、信息披露安排,0
267,267,1、债券存续期内，公司将每年定期披露半年度报告、年度审计报告。,0
268,268,2、公司将及时披露债券存续期内发生可能影响其偿债能力或投资者权益的重大事项。重大事项包括：,0
269,269,3、债券存续期内，公司将在债券本金或利息兑付日前披露本金、利息兑付安排情况的公告。,0
270,270,二、信息披露事务管理制度主要内容,0
271,271,（一）未公开信息的传递、审核、披露流程,0
272,272,（二）信息披露事务负责人在信息披露中的具体职责及其履职保障,0
273,273,（三）董事和董事会、监事和监事会、高级管理人员等的报告、审议和披露的职责,0
274,274,（四）对外发布信息的申请、审核、发布流程,0
275,275,（五）涉及子公司的信息披露事务管理和报告制度,0
276,276,第十节 投资者保护机制,0
277,277,一、偿债计划,0
278,278,（一）利息的支付,0
279,279,1、本次债券在存续期内每年付息一次，最后一期利息随本金的兑付一起支付。本次债券的付息日为20【】年至20【】年间每年的【】月【】日。前述日期如遇法定节假日或休息日，则顺延至其后的第1个交易日，顺延期间不另计利息。,0
280,280,2、本次债券利息的支付通过本次债券的托管机构办理。利息支付的具体办法将按照本次债券登记托管机构的有关规定执行。,0
281,281,3、根据国家税收法律、法规，投资者投资本次债券应缴纳的有关税金由其自行承担。,0
282,282,（二）本金的兑付,0
283,283,1、本次债券到期一次还本。本次债券的本金偿付日为20【】年【】月【】日。前述日期如遇法定节假日或休息日，则顺延至其后的第1个交易日，顺延期间不另计利息。,0
284,284,2、本次债券本金的支付通过本次债券的托管机构办理。本金支付的具体办法将按照本次债券登记托管机构的有关规定执行。,0
285,285,二、偿债资金来源,0
286,286,三、偿债应急保障方案,0
287,287,（一）高流动性资产变现,0
288,288,（二）外部渠道融资,0
289,289,四、偿债保障措施,3
290,290,（一）制定《债券持有人会议规则》,0
291,291,（二）充分发挥债券受托管理人的作用,0
292,292,（三）设立偿债事务代表和偿付工作小组,0
293,293,（四）提高盈利能力，优化资产负债结构,0
294,294,（五）严格履行信息披露义务,0
295,295,（六）发行人偿债保障的承诺,0
296,296,五、发行人违约责任及解决措施,0
297,297,（一）违约事件,0
298,298,1、在本次债券到期、回购（如适用）时，发行人未能偿付到期应付本金和/或利息；,0
299,299,2、发行人不履行或违反债券受托管理协议项下的任何承诺或义务（第1项所述违约情形除外）且将对发行人履行本次债券的还本付息产生重大不利影响，在经债券受托管理人书面通知，或经单独或合并持有本次债券未偿还面值总额百分之十以上的债券持有人书面通知，该违约在上述通知所要求的合理期限内仍未予纠正；,0
300,300,3、发行人在其资产、财产或股份上设定担保以致对发行人就本次债券的还本付息能力产生实质不利影响，或出售其重大资产、放弃重要债权或偿还其他大额债务等情形以致对发行人就本次债券的还本付息能力产生重大实质性不利影响；,0
301,301,4、在债券存续期间内，发行人发生解散、注销、吊销、停业、破产、清算、丧失清偿能力、被法院指定接管人或已开始相关的法律程序；,0
302,302,5、任何适用的现行或将来的法律、规则、规章、判决，或政府、监管、立法或司法机构或权力部门的指令、法令或命令，或上述规定的解释的变更导致发行人在债券受托管理协议或本次债券项下义务的履行变得不合法；,0
303,303,6、在债券存续期间，发行人发生其他对本次债券的按期兑付产生重大不利影响的情形。,0
304,304,（二）违约责任,0
305,305,（三）争议解决机制,0
306,306,六、债券持有人会议,0
307,307,（一）债券持有人行使权利的形式,0
308,308,（二）债券持有人会议规则的主要内容,0
309,309,1、债券持有人会议的权限范围,0
310,310,1）拟变更债券募集说明书的重要约定：,0
311,311,2）拟修改债券持有人会议规则；,0
312,312,3）拟解聘、变更债券受托管理人或者变更债券受托管理协议的主要内容（包括但不限于受托管理事项授权范围、利益冲突风险防范解决机制、与债券持有人权益密切相关的违约责任等约定）；,0
313,313,4）发生下列事项之一，需要决定或授权采取相应措施（包括但不限于与发行人等相关方进行协商谈判，提起、参与仲裁或诉讼程序，处置担保物或者其他有利于投资者权益保护的措施等）的：,0
314,314,5）发行人提出重大债务重组方案的；,0
315,315,6）法律、行政法规、部门规章、规范性文件规定或者本次债券募集说明书、债券持有人会议规则约定的应当由债券持有人会议作出决议的其他情形。,0
316,316,2、债券持有人会议的筹备,0
317,317,1）债券持有人会议主要由受托管理人负责召集。,0
318,318,2）发行人、单独或者合计持有本次债券未偿还份额10%以上的债券持有人（以下统称提议人）有权提议受托管理人召集债券持有人会议。,0
319,319,3）受托管理人不同意召集会议或者应当召集而未召集会议的，发行人、单独或者合计持有本次债券未偿还份额10%以上的债券持有人有权自行召集债券持有人会议，受托管理人应当为召开债券持有人会议提供必要协助，包括：协助披露债券持有人会议通知及会议结果等文件、代召集人查询债券持有人名册并提供联系方式、协助召集人联系应当列席会议的相关机构或人员等。,0
320,320,1）提交债券持有人会议审议的议案应当符合法律、行政法规、部门规章、规范性文件、证券交易场所业务规则及债券持有人会议规则的相关规定或者约定，具有明确并切实可行的决议事项。,0
321,321,2）召集人披露债券持有人会议通知后，受托管理人、发行人、单独或者合计持有本次债券未偿还份额10%以上的债券持有人（以下统称提案人）均可以书面形式提出议案，召集人应当将相关议案提交债券持有人会议审议。,0
322,322,3）受托管理人、债券持有人提出的拟审议议案需要发行人或其控股股东和实际控制人、债券清偿义务承继方、保证人或者其他提供增信或偿债保障措施的机构或个人等履行义务或者推进、落实的，召集人、提案人应当提前与相关机构或个人充分沟通协商。,0
323,323,4）债券持有人会议拟授权受托管理人或推选代表人代表债券持有人与发行人或其控股股东和实际控制人、债券清偿义务承继方、保证人或者其他提供增信或偿债保障措施的机构或个人等进行谈判协商并签署协议，代表债券持有人提起或参加仲裁、诉讼程序的，提案人应当在议案的决议事项中明确下列授权范围供债券持有人选择：,0
324,324,5）召集人应当就全部拟提交审议的议案与相关提案人、议案涉及的利益相关方进行充分沟通，对议案进行修改完善或协助提案人对议案进行修改完善，尽可能确保提交审议的议案符合债券持有人会议规则第3.2.1条的约定，且同次债券持有人会议拟审议议案间不存在实质矛盾。,0
325,325,6）提交同次债券持有人会议审议的全部议案应当最晚于债权登记日前一交易日公告。议案未按规定及约定披露的，不得提交该次债券持有人会议审议。,0
326,326,1）召集人应当最晚于债券持有人会议召开日前第【10】个交易日披露召开债券持有人会议的通知公告。受托管理人认为需要紧急召集债券持有人会议以有利于债券持有人权益保护的，应最晚于现场会议（包括现场、非现场相结合形式召开的会议）召开日前第【3】个交易日或者非现场会议召开日前第【2】个交易日披露召开债券持有人会议的通知公告。,0
327,327,2）根据拟审议议案的内容，债券持有人会议可以以现场（包括通过网络方式进行现场讨论的形式，下同）、非现场或者两者相结合的形式召开。召集人应当在债券持有人会议的通知公告中明确会议召开形式和相关具体安排。会议以网络投票方式进行的，召集人还应当披露网络投票办法、投票方式、计票原则、计票方式等信息。,0
328,328,3）债券持有人对债券持有人会议通知具体内容持有异议或有补充意见的，可以与召集人沟通协商，由召集人决定是否调整通知相关事项。,0
329,329,4）召集人决定延期召开债券持有人会议或者变更债券持有人会议通知涉及的召开形式、会议地点及拟审议议案内容等事项的，应当最迟于原定债权登记日前一交易日，在会议通知发布的同一信息披露平台披露会议通知变更公告。,0
330,330,5）已披露的会议召开时间原则上不得随意提前。因发生紧急情况，受托管理人认为如不尽快召开债券持有人会议可能导致持有人权益受损的除外，但应当确保会议通知时间符合债券持有人会议规则第3.3.1条的约定。,0
331,331,6）债券持有人会议通知发出后，除召开债券持有人会议的事由消除、发生不可抗力的情形或债券持有人会议规则另有约定的，债券持有人会议不得随意取消。,0
332,332,7）因出席人数未达到债券持有人会议规则第4.1.1条约定的债券持有人会议成立的最低要求，召集人决定再次召集会议的，可以根据前次会议召集期间债券持有人的相关意见适当调整拟审议议案的部分细节，以寻求获得债券持有人会议审议通过的最大可能。,0
333,333,3、债券持有人会议的召开及决议,0
334,334,1）债券持有人会议应当由代表本次债券未偿还份额且享有表决权的【二分之一】以上债券持有人出席方能召开。债券持有人在现场会议中的签到行为或者在非现场会议中的投票行为即视为出席该次持有人会议。,0
335,335,2）债权登记日登记在册的、持有本次债券未偿还份额的持有人均有权出席债券持有人会议并行使表决权，债券持有人会议规则另有约定的除外。,0
336,336,3）本次债券受托管理人应当出席并组织召开债券持有人会议或者根据债券持有人会议规则第3.1.3条约定为相关机构或个人自行召集债券持有人会议提供必要的协助，在债券持有人现场会议中促进债券持有人之间、债券持有人与发行人或其控股股东和实际控制人、债券清偿义务承继方、保证人或者其他提供增信或偿债保障措施的机构或个人等进行沟通协商。,0
337,337,4）拟审议议案需要发行人或其控股股东和实际控制人、债券清偿义务承继方、保证人或者其他提供增信或偿债保障措施的机构或个人等履行义务或者推进、落实的，上述机构或个人应按照受托管理人或召集人的要求，安排具有相应权限的人员按时出席债券持有人现场会议，向债券持有人说明相关情况，接受债券持有人等的询问，与债券持有人进行沟通协商，并明确拟审议议案决议事项的相关安排。,0
338,338,5）资信评级机构可以应召集人邀请列席债券持有人现场会议，持续跟踪发行人或其控股股东和实际控制人、债券清偿义务承继方、保证人或者其他提供增信或偿债保障措施的机构或个人等的资信情况，及时披露跟踪评级报告。,0
339,339,6）债券持有人可以自行出席债券持有人会议并行使表决权，也可以委托受托管理人、其他债券持有人或者其他代理人（以下统称代理人）出席债券持有人会议并按授权范围行使表决权。,0
340,340,7）受托管理人可以作为征集人，征集债券持有人委托其代理出席债券持有人会议，并按授权范围行使表决权。征集人应当向债券持有人客观说明债券持有人会议的议题和表决事项，不得隐瞒、误导或者以有偿方式征集。征集人代理出席债券持有人会议并行使表决权的，应当取得债券持有人的委托书。,0
341,341,8）债券持有人会议的会议议程可以包括但不限于：,0
342,342,1）债券持有人会议采取记名方式投票表决。,0
343,343,2）债券持有人进行表决时，每一张（面值金额人民币100元）未偿还的债券享有一票表决权，但下列机构或人员直接持有或间接控制的债券份额除外：,0
344,344,3）出席会议且享有表决权的债券持有人需按照“同意”“反对”“弃权”三种类型进行表决，表决意见不可附带相关条件。无明确表决意见、附带条件的表决、就同一议案的多项表决意见、字迹无法辨认的表决或者出席现场会议但未提交表决票的，原则上均视为选择“弃权”。,0
345,345,4）债券持有人会议原则上应当连续进行，直至完成所有议案的表决。除因不可抗力等特殊原因导致债券持有人会议中止、不能作出决议或者出席会议的持有人一致同意暂缓表决外，债券持有人会议不得对会议通知载明的拟审议事项进行搁置或不予表决。,0
346,346,5）出席会议的债券持有人按照会议通知中披露的议案顺序，依次逐项对提交审议的议案进行表决。,0
347,347,6）发生债券持有人会议规则第3.2.5条第二款约定情形的，召集人应就待决议事项存在矛盾的议案内容进行特别说明，并将相关议案同次提交债券持有人会议表决。债券持有人仅能对其中一项议案投“同意”票，否则视为对所有相关议案投“弃权”票。,0
348,348,1）债券持有人会议对下列属于债券持有人会议规则第2.2条约定权限范围内的重大事项之一且具备生效条件的议案作出决议，经全体有表决权的债券持有人所持表决权的【三分之二】以上同意方可生效：,0
349,349,2）除债券持有人会议规则第4.3.1条约定的重大事项外，债券持有人会议对债券持有人会议规则第2.2条约定范围内的其他一般事项且具备生效条件的议案作出决议，经超过出席债券持有人会议且有表决权的持有人所持表决权的【二分之一】同意方可生效。债券持有人会议规则另有约定的，从其约定。,0
350,350,3）债券持有人会议议案需要发行人或其控股股东和实际控制人、债券清偿义务承继方、保证人或者其他提供增信或偿债保障措施的机构或个人等履行义务或者推进、落实，因未与上述相关机构或个人协商达成一致而不具备生效条件的，债券持有人会议可以授权受托管理人、上述相关机构或个人、符合条件的债券持有人按照债券持有人会议规则提出采取相应措施的议案，提交债券持有人会议审议。,0
351,351,4）债券持有人会议拟审议议案涉及授权受托管理人或推选的代表人代表债券持有人提起或参加要求发行人或增信主体偿付债券本息或履行增信义务、申请或参与发行人破产重整或破产清算、参与发行人破产和解等事项的仲裁或诉讼，如全部债券持有人授权的，受托管理人或推选的代表人代表全部债券持有人提起或参加相关仲裁或诉讼程序；如仅部分债券持有人授权的，受托管理人或推选的代表人仅代表同意授权的债券持有人提起或参加相关仲裁或诉讼程序。,0
352,352,5）债券持有人会议的表决结果，由召集人指定代表及见证律师共同负责清点、计算，并由受托管理人负责载入会议记录。召集人应当在会议通知中披露计票、监票规则，并于会议表决前明确计票、监票人选。,0
353,353,6）债券持有人对表决结果有异议的，可以向召集人等申请查阅会议表决票、表决计算结果、会议记录等相关会议材料，召集人等应当配合。,0
354,354,4、债券持有人会议的会后事项与决议落实,0
355,355,1）债券持有人会议名称（含届次）、召开及表决时间、召开形式、召开地点（如有）；,0
356,356,2）出席（包括现场、非现场方式参加）债券持有人会议的债券持有人及其代理人（如有）姓名、身份、代理权限，所代表的本次未偿还债券面值总额及占比，是否享有表决权；,0
357,357,3）会议议程；,0
358,358,4）债券持有人询问要点，债券持有人之间进行沟通协商简要情况，债券持有人与发行人或其控股股东和实际控制人、债券清偿义务承继方、保证人或者其他提供增信或偿债保障措施的机构或个人等就属于债券持有人会议规则第3.2.3条约定情形的拟审议议案沟通协商的内容及变更的拟决议事项的具体内容（如有）；,0
359,359,5）表决程序（如为分批次表决）；,0
360,360,6）每项议案的表决情况及表决结果；,0
361,361,1）债券持有人会议召开情况，包括名称（含届次）、召开及表决时间、召开形式、召开地点（如有）等；,0
362,362,2）出席会议的债券持有人所持表决权情况及会议有效性；,0
363,363,3）各项议案的议题及决议事项、是否具备生效条件、表决结果及决议生效情况；,0
364,364,4）其他需要公告的重要事项。,0
365,365,5、特别约定,0
366,366,1）因债券持有人行使回售选择权或者其他法律规定或募集说明书约定的权利，导致部分债券持有人对发行人享有的给付请求权与其他同期债券持有人不同的，具有相同请求权的债券持有人可以就不涉及其他债券持有人权益的事项进行单独表决。,0
367,367,1）发生债券持有人会议规则第2.2条约定的有关事项且存在以下情形之一的，受托管理人可以按照本节约定的简化程序召集债券持有人会议，债券持有人会议规则另有约定的从其约定：,0
368,368,2）发生债券持有人会议规则第6.2.1条a项至c项情形的，受托管理人可以公告说明关于发行人或受托管理人拟采取措施的内容、预计对发行人偿债能力及投资者权益保护产生的影响等。债券持有人如有异议的，应于公告之日起【5】个交易日内以书面形式回复受托管理人。逾期不回复的，视为同意受托管理人公告所涉意见或者建议。,0
369,369,3）发生债券持有人会议规则第6.2.1条d项至f项情形的，受托管理人应最晚于现场会议召开日前【3】个交易日或者非现场会议召开日前【2】个交易日披露召开持有人会议的通知公告，详细说明拟审议议案的决议事项及其执行安排、预计对发行人偿债能力和投资者权益保护产生的影响以及会议召开和表决方式等事项。债券持有人可以按照会议通知所明确的方式进行表决。,0
370,370,6、附则,0
371,371,七、债券受托管理人,0
372,372,（一）债券受托管理人聘任及《债券受托管理协议》签订情况,0
373,373,1、债券受托管理人的名称及基本情况,0
374,374,2、《债券受托管理协议》签订情况,0
375,375,（二）债券受托管理人与发行人的利害关系情况,0
376,376,（三）债券受托管理协议的主要内容,0
377,377,1、受托管理事项,0
378,378,2、发行人的权利和义务,0
379,379,1）提议召开债券持有人会议；,0
380,380,2）向债券持有人会议提出更换受托管理人的议案；,0
381,381,3）对债券受托管理人没有代理权、超越代理权或者代理权终止后所从事的行为，发行人有权予以制止；债券持有人对发行人的上述制止行为应当认可；,0
382,382,4）依据法律、法规和规则、募集说明书、债券持有人会议规则的规定，发行人所享有的其他权利。,0
383,383,1）信息披露事务负责人应当由发行人的董事或者高级管理人员担任。发行人应当在募集说明书中披露信息披露事务负责人及联络人的信息，并在债券上市期间及时披露其变更情况。,0
384,384,2）发行人披露的信息涉及资信评级、审计、法律、资产评估等事项的，应当由资信评级机构、会计师事务所、律师事务所和资产评估机构等机构出具书面意见。,0
385,385,3）信息披露义务人及其他知情人在信息正式披露前，应当确保将该信息的知悉者控制在最小范围内，在公告前不得泄露其内容，不得进行内幕交易、操纵市场等不正当行为。,0
386,386,4）信息披露义务人应当将披露的信息刊登在其债券交易场所的互联网网站和符合中国证监会规定条件的媒体，同时将其置备于公司住所、证券交易场所，供社会公众查阅。披露时间不得晚于在其他交易场所、媒体或者其他场合公开披露的时间。信息披露义务人不得以新闻发布或者答记者问等形式代替履行信息披露义务。,0
387,387,5）拟披露的信息存在不确定性、属于临时性商业秘密或者具有交易所认可的其他情形，及时披露可能会损害其利益或者误导投资者，且符合以下条件的，信息披露义务人可以向交易所申请暂缓披露，并说明暂缓披露的理由和期限：,0
388,388,6）信息披露义务人有充分理由认为披露有关信息会损害企业利益，且不公布也不会导致债券市场价格重大变动的，或者认为根据国家有关法律法规不得披露的事项，应当向交易所报告，并陈述不宜披露的理由；经交易所同意，可不予披露。,0
389,389,7）信息披露义务人可以自愿披露与投资者投资决策有关的信息。自愿披露应当符合信息披露有关要求，遵守有关监管规定。,0
390,390,8）信息披露义务人应当在规定期限内如实报告或回复交易所就相关事项提出的问询，不得以有关事项存在不确定性或者需要保密等为由不履行报告或回复交易所问询的义务。,0
391,391,9）发行人的控股股东、实际控制人、增信机构、专业机构及其相关人员应当及时、如实提供相关信息，积极配合发行人等信息披露义务人履行信息披露义务，及时告知发行人等信息披露义务人已经发生或者拟发生的重大事项，并严格履行所作出的承诺。,0
392,392,10）债券上市期间，发行人应当披露的定期报告包括年度报告、中期报告。,0
393,393,"11）发行人应当在每一会计年度结束之日起4个月内和每一会计年度的上半年结束之日起2个月内，分别向交易所提交并披露上一年度年度报告和本年度中期报告,报告的内容与格式应当符合交易所要求。",0
394,394,12）发行人的董事、高级管理人员应当对定期报告签署书面确认意见。发行人监事会应当对定期报告进行审核并提出书面审核意见。监事应当签署书面确认意见。,0
395,395,1）发行人生产经营状况发生重大变化；,0
396,396,2）发行人发生超过上年末净资产百分之十的重大损失；,0
397,397,3）发行人涉及需要说明的市场传闻；,0
398,398,4）发行人发生重大资产出售、转让、重大投资行为或重大资产重组；,0
399,399,5）发行人放弃债权或者财产超过上年末净资产的百分之十，发生重大资产无偿划转；,0
400,400,6）发行人发生重大资产报废；,0
401,401,7）发行人发生可能影响偿债能力的资产被查封、扣押或冻结；,0
402,402,8）发行人新增借款超过上年末净资产的百分之二十；,0
403,403,9）发行人一次承担他人债务超过上年末净资产的百分之十，或者转移公司债券清偿义务；,0
404,404,10）发行人发生重大资产抵押质押，或者对外提供担保超过上年末净资产的百分之二十；,0
405,405,11）发行人未能清偿到期债务或进行债务重组；,0
406,406,12）发行人股权、经营权涉及被委托管理；,0
407,407,13）发行人股权结构发生重大变化或者发行人控股股东、实际控制人发生变更；,0
408,408,14）发行人丧失对重要子公司的实际控制权；,0
409,409,15）发行人作出减资、合并、分立、解散的决定或被责令关闭；,0
410,410,16）发行人作出申请破产的决定或者进入破产程序；,0
411,411,17）发行人涉嫌违法违规被有权机关调查、受到刑事处罚、重大行政处罚或行政监管措施、市场自律组织作出的债券业务相关的处分，或者存在严重失信行为；,0
412,412,18）发行人法定代表人、控股股东、实际控制人、董事、监事、高级管理人员涉嫌违法违规被调查、采取强制措施，或者存在严重失信行为；,0
413,413,19）发行人法定代表人、董事长或者总经理或具有同等职责的人员无法履行职责；,0
414,414,20）发行人三分之一以上董事、三分之二以上监事、董事长、总经理发生变动；,0
415,415,21）发行人涉及重大诉讼、仲裁；,0
416,416,22）发行人分配股利；,0
417,417,23）发行人名称变更；,0
418,418,24）发行人变更财务报告审计机构、债券受托管理人、资信评级机构；,0
419,419,25）主体或债券信用评级发生调整，或者债券担保情况发生变更；,0
420,420,26）募集说明书约定或发行人承诺的其他应当披露事项；,0
421,421,27）其他可能影响发行人偿债能力、债券价格或投资者权益的事项。,0
422,422,1）所有为债券受托管理人了解发行人及/或保证人（如有）业务所需而应掌握的重要文件、资料和信息，包括发行人及/或保证人（如有）及其子公司、分支机构、关联机构或联营机构的资产、负债、盈利能力和前景等信息和资料；,0
423,423,2）债券受托管理人或发行人认为与债券受托管理人履行受托管理职责相关的所有协议、文件和记录的副本；,0
424,424,3）根据债券受托管理协议第3.7条约定发行人需向债券受托管理人提供的资料；,0
425,425,4）其它与债券受托管理人履行受托管理职责相关的一切文件、资料和信息。,0
426,426,3、债券受托管理人的职责、权利和义务,0
427,427,1）就债券受托管理协议第3.5条约定的情形，列席发行人和保证人（如有）的内部有权机构的决策会议；,0
428,428,2）至少每半年查阅前项所述的会议资料、财务会计报告和会计账簿；,0
429,429,3）调取发行人、保证人（如有）银行征信记录；,0
430,430,4）对发行人和保证人（如有）进行现场检查；,0
431,431,5）约见发行人或者保证人（如有）进行谈话。,0
432,432,1） 债券持有人会议授权债券受托管理人履行的其他职责；,0
433,433,2） 募集说明书约定由债券受托管理人履行的其他职责。,0
434,434,4、债券受托管理人的报酬及费用,0
435,435,1）因召开债券持有人会议所产生的会议费（包括场地费等会务杂费）、公告费、差旅费、出具文件、邮寄、电信、召集人为债券持有人会议聘用的律师见证费等合理费用；,0
436,436,2）债券受托管理人为债券持有人利益，为履行追加担保等受托管理职责而聘请的第三方专业机构（包括律师、会计师、评级机构、评估机构等）提供专业服务所产生的合理费用。只要债券受托管理人认为聘请该等中介机构系为其履行受托管理人职责合理所需，且该等费用符合市场公平价格，发行人不得拒绝；,0
437,437,3）因发行人预计不能履行或实际未履行债券受托管理协议和募集说明书项下的义务而导致债券受托管理人额外支出的其他费用。,0
438,438,1）债券受托管理人设立诉讼专项账户（以下简称“诉讼专户”），用以接收债券持有人汇入的因债券受托管理人向法定机关申请财产保全、对发行人提起诉讼或仲裁等司法程序所需的诉讼费用；,0
439,439,2）债券受托管理人将向债券持有人及时披露诉讼专户的设立情况及其内资金（如有）的使用情况。债券持有人应当在上述披露文件规定的时间内，将诉讼费用汇入诉讼专户。因债券持有人原因导致诉讼专户未能及时足额收悉诉讼费用的，债券受托管理人免予承担未提起或未及时提起财产保全申请、诉讼或仲裁等司法程序的责任；,0
440,440,3）尽管债券受托管理人并无义务为债券持有人垫付本条规定项下的诉讼费用，但如债券受托管理人主动垫付该等诉讼费用的，发行人及债券持有人确认，债券受托管理人有权从发行人向债券持有人偿付的利息及/或本金中优先受偿垫付费用。,0
441,441,5、受托管理事务报告,0
442,442,1）债券受托管理人履行职责情况；,0
443,443,2）发行人的经营与财务状况；,0
444,444,3）发行人募集资金使用及募集资金专项账户运作情况；,0
445,445,4）发行人偿债意愿和能力分析；,0
446,446,5）内外部增信机制（如有）、偿债保障措施发生重大变化的，说明基本情况及处理结果；,0
447,447,6）发行人偿债保障措施的执行情况以及本次债券的本息偿付情况；,0
448,448,7）发行人在募集说明书中约定的其他义务的执行情况；,0
449,449,8）债券持有人会议召开的情况；,0
450,450,9）发生债券受托管理协议第3.5条等情形的，说明基本情况及处理结果；,0
451,451,10）对债券持有人权益有重大影响的其他事项。,0
452,452,6、债券持有人的权利与义务,0
453,453,1）按照募集说明书约定在付息日、兑付日获得本次债券利息或本息；,0
454,454,2）根据债券持有人会议规则的规定，出席或者委派代表出席债券持有人会议并行使表决权，单独或合并持有百分之十以上本次未偿还债券面值总额的债券持有人有权自行召集债券持有人会议；,0
455,455,3）监督发行人涉及债券持有人利益的有关行为，当发生利益可能受到损害的事项时，有权依据法律、法规和规则及募集说明书的规定，通过债券持有人会议决议行使或者授权债券受托管理人代其行使债券持有人的相关权利；,0
456,456,4）监督债券受托管理人的受托履责行为，并有权提议更换受托管理人；,0
457,457,5）法律、法规和规则规定以及募集说明书、债券受托管理协议约定的其他权利。,0
458,458,1）遵守募集说明书的相关约定；,0
459,459,2）债券受托管理人依债券受托管理协议约定所从事的受托管理行为的法律后果，由本次债券持有人承担。债券受托管理人没有代理权、超越代理权或者代理权终止后所从事的行为，未经债券持有人会议决议追认的，不对全体债券持有人发生效力，由债券受托管理人自行承担其后果及责任；,0
460,460,3）接受债券持有人会议决议并受其约束；,0
461,461,4）不得从事任何有损发行人、债券受托管理人及其他债券持有人合法权益的活动；,0
462,462,5）如债券受托管理人根据债券受托管理协议约定对发行人启动诉讼、仲裁、申请财产保全或其他法律程序的，债券持有人应当承担相关费用（包括但不限于诉讼费、律师费、公证费、各类保证金、担保费，以及债券受托管理人因按债券持有人要求采取的相关行动所需的其他合理费用或支出），不得要求债券受托管理人为其先行垫付；,0
463,463,6）根据法律、法规和规则及募集说明书的约定，应当由债券持有人承担的其他义务。,0
464,464,7、利益冲突的风险防范机制,0
465,465,1）债券受托管理人作为一家综合类证券经营机构，在其（含其关联实体）通过自营或作为代理人按照法律、法规和规则参与各类投资银行业务活动时，可能存在不同业务之间的利益或职责冲突，进而导致与债券受托管理人在债券受托管理协议项下的职责产生利益冲突。相关利益冲突的情形包括但不限于，甲乙双方之间，一方持有对方或互相地持有对方股权或负有债务；,0
466,466,2）针对上述可能产生的利益冲突，债券受托管理人将按照《证券公司信息隔离墙制度指引》等监管规定及其内部有关信息隔离的管理要求，通过业务隔离、人员隔离、物理隔离、信息系统隔离以及资金与账户分离等隔离手段，防范发生与债券受托管理协议项下债券受托管理人作为受托管理人履职相冲突的情形、披露已经存在或潜在的利益冲突，并在必要时按照客户利益优先和公平对待客户的原则，适当限制有关业务；,0
467,467,3）截至债券受托管理协议签署，债券受托管理人除同时担任本次债券的主承销商和受托管理人之外，不存在其他可能影响其尽职履责的利益冲突情形；,0
468,468,4）当债券受托管理人按照法律、法规和规则的规定以及债券受托管理协议的约定诚实、勤勉、独立地履行债券受托管理协议项下的职责，发行人以及本次债券的债券持有人认可债券受托管理人在为履行债券受托管理协议服务之目的而行事，并确认债券受托管理人（含其关联实体）可以同时提供其依照监管要求合法合规开展的其他投资银行业务活动（包括如投资顾问、资产管理、直接投资、研究、证券发行、交易、自营、经纪活动等），并豁免债券受托管理人因此等利益冲突而可能产生的责任。,0
469,469,8、受托管理人的变更,0
470,470,1）债券受托管理人未能持续履行债券受托管理协议约定的受托管理人职责；,0
471,471,2）债券受托管理人停业、解散、破产或依法被撤销；,0
472,472,3）债券受托管理人提出书面辞职；,0
473,473,4）债券受托管理人不再符合受托管理人资格的其他情形。,0
474,474,9、信用风险管理,0
475,475,1）制定本次债券还本付息管理制度，安排专人负责债券还本付息事项；,0
476,476,2）提前落实偿债资金，按期还本付息，不得逃废债务；,0
477,477,3）按照规定和约定履行信息披露义务，及时披露影响偿债能力和还本付息的风险事项；,0
478,478,4）采取有效措施，防范并化解可能影响偿债能力及还本付息的风险事项，及时处置预计或已经违约的债券风险事件；,0
479,479,5）配合债券受托管理人及其他相关机构开展风险管理工作；,0
480,480,6）法律、行政法规、部门规章、交易所业务规则等规定或者协议约定的其他职责。,0
481,481,1）建立债券信用风险管理制度，设立专门机构或岗位从事信用风险管理相关工作；,0
482,482,2）对本次债券信用风险进行持续动态开展监测；,0
483,483,3）发现影响还本付息的风险事项，及时督促发行人披露相关信息，进行风险预警；,0
484,484,4）按照债券受托管理协议约定披露受托管理事务报告，必要时召集债券持有人会议，及时披露影响债券还本付息的风险事项；,0
485,485,5）督促发行人采取有效措施化解信用风险或处置违约事件；,0
486,486,6）根据相关规定、约定或债券持有人委托，代表债券持有人维护合法权益；,0
487,487,7）法律、行政法规、部门规章、交易所业务规则等规定或者协议约定的其他职责。,0
488,488,10、陈述与保证,0
489,489,1）发行人是一家按照中国法律合法注册并有效存续的股份有限公司；,0
490,490,2）发行人签署和履行债券受托管理协议已经得到发行人内部必要的授权，并且没有违反适用于发行人的任何法律、法规和规则的规定，也没有违反发行人的公司章程以及发行人与第三方签订的任何合同或者协议的规定。,0
491,491,1）债券受托管理人是一家按照中国法律合法注册并有效存续的证券公司；,0
492,492,2）债券受托管理人具备担任本次债券受托管理人的资格，且就债券受托管理人所知，并不存在任何情形导致或者可能导致债券受托管理人丧失该资格；,0
493,493,3）债券受托管理人签署和履行债券受托管理协议已经得到债券受托管理人内部必要的授权，并且没有违反适用于债券受托管理人的任何法律、法规和规则的规定，也没有违反债券受托管理人的公司章程以及债券受托管理人与第三方签订的任何合同或者协议的规定。,0
494,494,11、不可抗力,0
495,495,12、违约责任,0
496,496,1）在本次债券到期、回购（如适用）时，发行人未能偿付到期应付本金和/或利息；,0
497,497,2）发行人不履行或违反债券受托管理协议项下的任何承诺或义务（第1）项所述违约情形除外）且将对发行人履行本次债券的还本付息产生重大不利影响，在经债券受托管理人书面通知，或经单独或合并持有本次债券未偿还面值总额百分之十以上的债券持有人书面通知，该违约在上述通知所要求的合理期限内仍未予纠正；,0
498,498,3）发行人在其资产、财产或股份上设定担保以致对发行人就本次债券的还本付息能力产生实质不利影响，或出售其重大资产、放弃重要债权或偿还其他大额债务等情形以致对发行人就本次债券的还本付息能力产生重大实质性不利影响；,0
499,499,4）在债券存续期间内，发行人发生解散、注销、吊销、停业、破产、清算、丧失清偿能力、被法院指定接管人或已开始相关的法律程序；,0
500,500,5）任何适用的现行或将来的法律、规则、规章、判决，或政府、监管、立法或司法机构或权力部门的指令、法令或命令，或上述规定的解释的变更导致发行人在债券受托管理协议或本次债券项下义务的履行变得不合法；,0
501,501,6）在债券存续期间，发行人发生其他对本次债券的按期兑付产生重大不利影响的情形。,0
502,502,1）在知晓该行为发生之日的五个交易日内告知全体债券持有人；,0
503,503,2）在知晓发行人发生第13.2条第（一）项规定的未偿还本次债券到期本息的，债券受托管理人应当召集债券持有人会议，按照会议决议规定的方式追究发行人的违约责任，包括但不限于向发行人提起民事诉讼、参与重组或者破产等有关法律程序；在债券持有人会议无法有效召开或未能形成有效会议决议的情形下，债券受托管理人可以按照《管理办法》的规定接受全部或部分债券持有人的委托，以自己名义代表债券持有人提起民事诉讼、参与重组或者破产的法律程序；,0
504,504,3）在知晓发行人发生第13.2条规定的情形之一的（第13.2条第（一）项除外），并预计发行人将不能偿还债务时，应当要求发行人追加担保，并可依法申请法定机关采取财产保全措施；,0
505,505,4）及时报告上海证券交易所、中国证监会当地派出机构等监管机构。,0
506,506,13、法律适用和争议解决,0
507,507,第十一节 本次债券发行的有关机构及利害关系,0
508,508,一、本次债券发行的有关机构,0
509,509,（一）发行人：中信建投证券股份有限公司,0
510,510,（二）牵头主承销商、簿记管理人、债券受托管理人：中泰证券股份有限公司,0
511,511,（三）律师事务所：北京市天元律师事务所,0
512,512,（四）会计师事务所：普华永道中天会计师事务所（特殊普通合伙）,0
513,513,（五）资信评级机构：中诚信国际信用评级有限责任公司,0
514,514,（六）登记、托管、结算机构：中国证券登记结算有限责任公司上海分公司,0
515,515,（七）本次债券申请上市的证券交易所：上海证券交易所,0
516,516,二、发行人与本次发行的中介机构、人员的利害关系,0
517,517,第十二节 发行人、中介机构及相关人员声明,0
518,518,第十三节 备查文件,0
519,519,一、备查文件,0
520,520,（一）发行人最近三年的财务报告及审计报告，最近一期的财务报表；,0
521,521,（二）主承销商出具的核查意见；,0
522,522,（三）发行人律师出具的法律意见书；,0
523,523,（四）资信评级机构出具的资信评级报告；,0
524,524,（五）债券持有人会议规则；,0
525,525,（六）债券受托管理协议；,0
526,526,（七）中国证监会同意发行人本次发行注册的文件。,0
527,527,二、查阅地点,0
528,528,（一）发行人：中信建投证券股份有限公司,0
529,529,（二）主承销商,0
